Timestamp,Age,Sex,Relationship Status,Occupation,Affiliations,Social Media User?,Time Spent,Q1,Q2,Q3,Q4,Q5,Q6,Q7,Q8,Target,Difficulty_level,Facebook,Instagram,YouTube,Snapchat,Twitter,Discord,Reddit,Pinterest,TikTok
4/18/2022 19:18,21,Male,In a relationship,University Student,University,Yes,2,5,3,2,2,2,5,2,3,5,high,1,1,1,0,1,1,1,0,0
4/18/2022 19:19,21,Female,Single,University Student,University,Yes,5,4,3,2,1,5,5,5,1,4,high,1,1,1,0,1,1,1,0,0
4/18/2022 19:25,21,Female,Single,University Student,University,Yes,3,3,2,1,1,5,4,3,3,3,medium,1,1,1,0,0,0,0,1,0
4/18/2022 19:29,21,Female,Single,University Student,University,Yes,5,4,2,1,2,5,4,5,1,3,medium,1,1,0,0,0,0,0,0,0
4/18/2022 19:33,21,Female,Single,University Student,University,Yes,2,3,5,4,3,5,4,3,3,4,high,1,1,1,0,0,0,0,0,0
4/18/2022 19:33,22,Female,Single,University Student,University,Yes,2,4,4,2,3,4,3,4,4,3,medium,1,1,1,0,1,1,0,1,1
4/18/2022 19:36,21,Female,Married,University Student,University,Yes,3,4,3,2,4,4,5,5,3,3,medium,1,1,1,1,0,0,0,0,1
4/18/2022 19:36,21,Female,In a relationship,University Student,University,Yes,5,5,2,3,1,3,5,1,3,3,medium,1,1,1,0,0,0,0,0,0
4/18/2022 19:39,21,Female,In a relationship,University Student,University,Yes,5,5,2,3,1,1,5,1,3,3,medium,1,1,1,0,0,0,0,0,0
4/18/2022 19:41,20,Male,Single,University Student,University,No,0,1,1,1,1,1,1,1,1,1,low,0,0,0,0,0,0,1,1,0
4/18/2022 19:44,24,Male,Single,University Student,University,Yes,2,5,5,2,3,3,5,4,2,4,high,1,1,1,0,0,1,0,0,0
4/18/2022 19:44,21,Female,Single,University Student,University,Yes,3,4,4,2,3,3,3,2,2,4,high,1,1,1,1,0,1,1,1,1
4/18/2022 19:56,22,Female,Single,University Student,University,Yes,3,3,4,2,1,4,3,4,2,2,low,1,1,1,1,1,1,1,1,0
4/18/2022 19:57,21,Female,Single,University Student,University,Yes,3,5,3,2,2,4,3,2,3,3,medium,1,1,1,1,1,0,1,1,0
4/18/2022 19:59,22,Male,Single,University Student,University,Yes,5,5,5,5,5,5,5,5,5,5,high,1,0,1,0,0,0,0,1,0
4/18/2022 20:15,23,Male,In a relationship,University Student,Private,Yes,1,3,4,2,2,4,3,3,2,4,high,1,1,1,0,0,0,1,0,0
4/18/2022 20:15,21,Male,Single,University Student,University,Yes,0,2,2,1,1,4,4,1,3,2,low,1,0,1,0,0,1,0,0,0
4/18/2022 20:21,25,Male,Single,School Student,,Yes,4,5,5,4,2,3,2,1,4,3,medium,1,1,1,0,0,0,1,0,0
4/18/2022 20:22,28,Male,Single,University Student,University,Yes,1,3,4,2,1,5,3,2,3,4,high,1,0,1,0,0,1,1,0,0
4/18/2022 20:28,34,Male,Divorced,Salaried Worker,Private,Yes,1,2,4,3,3,4,2,1,5,2,low,1,1,1,0,1,0,0,0,0
4/18/2022 20:31,22,Male,In a relationship,University Student,"School, University",Yes,2,4,2,2,1,3,2,2,2,3,medium,1,1,1,0,0,1,1,0,0
4/18/2022 20:32,23,Male,Single,University Student,University,Yes,5,3,2,4,1,4,3,5,2,2,low,1,1,1,0,1,1,1,0,1
4/18/2022 20:33,26,Female,Single,University Student,University,Yes,3,3,4,3,3,4,4,4,3,4,high,1,1,1,0,0,0,0,1,0
4/18/2022 20:35,23,Female,Married,University Student,University,Yes,1,3,2,2,3,4,4,3,2,4,high,1,1,1,1,0,0,0,1,0
4/18/2022 20:36,23,Male,Single,University Student,,Yes,3,3,3,5,3,5,3,4,1,5,high,1,0,1,0,1,1,0,0,0
4/18/2022 20:38,35,Female,Married,Salaried Worker,"School, University",Yes,3,4,4,3,4,3,4,4,4,3,medium,1,0,1,0,0,0,0,0,0
4/18/2022 20:38,20,Male,Single,University Student,University,Yes,3,4,4,3,3,3,4,2,3,3,medium,1,1,1,0,0,1,0,0,0
4/18/2022 20:40,35,Male,Married,Salaried Worker,Company,Yes,2,2,4,4,4,4,4,4,4,4,high,1,1,1,0,1,0,0,0,0
4/18/2022 20:42,22,Female,In a relationship,University Student,University,Yes,4,3,4,3,2,5,4,4,3,4,high,1,1,1,1,0,1,0,1,1
4/18/2022 20:45,21,Female,Single,University Student,University,Yes,3,4,4,5,3,5,5,4,4,4,high,1,1,1,1,0,1,0,0,0
4/18/2022 20:49,22,Female,In a relationship,University Student,University,Yes,3,4,4,3,3,5,5,5,2,4,high,1,1,1,0,0,1,0,0,0
4/18/2022 20:50,35,Male,Married,Salaried Worker,Private,Yes,2,3,4,3,2,3,3,2,2,3,medium,1,0,1,0,0,0,0,1,0
4/18/2022 20:52,24,Male,Single,Salaried Worker,Private,Yes,2,3,3,3,3,3,2,2,3,3,medium,1,1,1,0,0,0,0,0,1
4/18/2022 20:53,18,Female,Single,School Student,"School, Private",Yes,2,4,3,3,4,4,3,3,2,3,medium,1,1,1,0,0,1,0,1,0
4/18/2022 20:54,19,Female,Single,University Student,University,Yes,3,5,5,5,1,5,5,2,3,5,high,1,1,1,0,0,1,0,0,0
4/18/2022 20:55,21,Non-binary,Single,University Student,University,Yes,5,3,4,5,1,4,4,1,3,4,high,1,1,1,0,1,1,0,0,0
4/18/2022 20:55,21,Male,Single,University Student,University,Yes,3,5,3,4,4,2,3,5,3,3,medium,1,1,0,0,0,0,0,0,0
4/18/2022 21:02,23,Male,Single,University Student,University,Yes,0,2,3,1,1,1,5,1,3,3,medium,1,1,1,1,1,1,1,0,0
4/18/2022 21:22,22,Female,Single,University Student,University,Yes,3,4,5,5,3,4,2,2,3,3,medium,1,1,1,1,0,0,0,1,0
4/18/2022 21:24,22,Male,Single,University Student,"University, Company",Yes,2,4,4,2,1,3,1,1,3,4,high,1,0,1,0,0,1,0,0,0
4/18/2022 21:32,21,Female,Single,University Student,University,Yes,1,1,1,1,2,1,3,2,1,2,low,1,1,1,1,0,0,0,0,0
4/18/2022 21:42,21,Female,Single,University Student,University,Yes,3,3,5,2,2,3,4,3,4,3,medium,1,1,1,1,0,0,0,0,0
4/18/2022 21:48,56,Female,Married,Retired,,Yes,1,1,1,1,1,3,2,1,3,2,low,0,0,1,0,0,0,0,0,0
4/18/2022 21:48,19,Female,Single,School Student,"School, University",Yes,5,3,2,4,1,5,5,5,2,4,high,1,1,1,1,0,0,0,1,0
4/18/2022 21:49,24,Male,Single,Salaried Worker,Private,Yes,5,5,1,1,3,3,3,1,3,3,medium,0,0,0,0,1,1,1,0,0
4/18/2022 21:50,22,Female,In a relationship,University Student,University,Yes,5,4,5,4,3,5,3,3,3,3,medium,1,1,1,0,0,0,0,0,0
4/18/2022 21:55,65,Male,Married,Retired,Goverment,Yes,3,5,3,2,3,2,1,3,4,2,low,1,0,1,0,0,0,0,0,0
4/18/2022 22:00,17,Female,Single,School Student,,Yes,3,4,3,1,1,5,3,4,2,4,high,0,1,1,0,0,0,1,1,0
4/18/2022 22:04,40,Male,Married,Salaried Worker,"Company, Private",Yes,2,3,3,3,1,2,2,2,3,3,medium,0,0,1,0,1,0,1,0,0
4/18/2022 22:07,33,Female,Single,Salaried Worker,School,Yes,3,3,3,1,1,2,1,2,2,2,low,1,0,1,0,0,0,0,0,0
4/18/2022 22:11,22,Female,Single,University Student,University,Yes,3,4,4,3,3,3,3,1,3,3,medium,1,1,1,1,1,1,1,1,1
4/18/2022 22:20,24,Male,Single,Salaried Worker,Company,Yes,5,5,5,5,1,4,3,2,2,5,high,0,0,1,1,0,1,0,0,0
4/18/2022 22:23,26,Male,Single,University Student,University,Yes,0,3,5,3,5,5,5,5,5,5,high,1,0,0,0,0,0,0,0,0
4/18/2022 22:30,55,Male,Married,Salaried Worker,Private,Yes,1,3,2,1,1,2,1,1,3,2,low,0,0,0,0,0,1,1,0,0
4/18/2022 22:35,26,Male,In a relationship,Salaried Worker,Company,No,1,4,1,1,1,2,1,1,3,2,low,0,0,1,0,0,1,1,0,0
4/18/2022 22:39,27,Male,Single,University Student,University,Yes,5,2,5,5,4,4,5,3,3,4,high,1,1,1,1,1,0,1,0,1
4/18/2022 22:42,22,Male,Married,University Student,"School, University",Yes,5,3,2,1,1,4,3,1,3,3,medium,1,1,1,1,0,1,1,0,0
4/18/2022 22:43,19,Female,Single,School Student,School,Yes,2,3,2,2,2,4,4,3,3,3,medium,1,1,1,0,0,1,0,1,0
4/18/2022 22:51,22,Female,Married,University Student,University,Yes,2,4,5,2,4,4,5,3,3,4,high,1,1,1,1,1,1,1,1,1
4/18/2022 23:00,20,Female,Married,University Student,University,Yes,1,1,1,1,1,2,1,1,3,2,low,0,1,0,0,0,0,1,0,0
4/18/2022 23:05,25,Female,Single,University Student,University,Yes,5,4,3,3,2,4,4,2,2,4,high,1,1,1,0,1,1,0,0,0
4/18/2022 23:11,25,Female,Married,University Student,University,Yes,1,2,2,1,4,5,4,5,2,4,high,0,0,1,0,0,0,1,0,0
4/18/2022 23:12,18,Female,Single,University Student,University,Yes,5,4,4,3,1,4,5,1,3,4,high,1,1,1,0,0,0,0,1,0
4/18/2022 23:19,25,Male,Single,Salaried Worker,,Yes,1,3,1,1,1,2,5,1,3,3,medium,0,0,0,0,0,0,1,0,0
4/18/2022 23:23,19,Female,Single,University Student,,Yes,2,2,3,1,1,3,1,1,3,5,high,0,0,0,0,0,1,1,0,0
4/18/2022 23:38,24,Male,In a relationship,School Student,University,Yes,1,3,2,4,2,2,2,1,3,3,medium,0,0,1,0,0,1,1,0,0
4/18/2022 23:45,21,Male,In a relationship,University Student,University,Yes,3,5,5,5,4,5,4,5,2,5,high,1,1,0,0,0,0,1,0,1
4/19/2022 0:10,18,Non-binary,Single,School Student,School,Yes,2,2,1,2,2,5,4,2,3,3,medium,0,1,1,0,1,0,1,0,1
4/19/2022 0:11,14,Male,Single,School Student,School,Yes,1,4,2,2,2,5,4,3,4,3,medium,0,0,0,0,0,0,1,0,0
4/19/2022 0:15,25,Male,Single,University Student,University,Yes,3,4,4,3,2,3,3,3,2,3,medium,0,0,1,1,0,1,1,0,0
4/19/2022 0:18,33,Male,Married,Salaried Worker,Private,Yes,3,2,4,3,1,2,1,1,1,2,low,0,1,1,0,0,0,0,0,0
4/19/2022 0:24,23,Male,Single,School Student,"University, Company",Yes,2,5,5,5,5,5,5,5,5,5,high,0,1,1,0,0,1,1,0,0
4/19/2022 0:28,14,Female,Single,School Student,School,Yes,5,4,4,2,4,4,4,4,2,3,medium,0,1,1,1,1,0,1,1,1
4/19/2022 0:32,38,Male,Married,Salaried Worker,University,Yes,1,5,2,1,1,2,2,1,3,2,low,0,0,1,0,1,1,1,0,0
4/19/2022 1:16,23,Female,Single,Retired,,Yes,4,4,4,3,4,4,5,3,2,4,high,1,0,1,0,0,1,1,0,0
4/19/2022 1:41,26,Male,Single,Salaried Worker,Company,Yes,0,2,1,1,1,2,2,1,1,2,low,0,0,0,0,0,0,1,0,0
4/19/2022 1:59,24,Male,Single,University Student,University,Yes,2,4,5,3,4,3,5,2,3,3,medium,1,0,1,0,0,0,1,0,0
4/19/2022 2:06,21,Female,Single,University Student,University,Yes,3,4,3,4,2,5,4,5,1,4,high,1,1,1,1,1,1,0,0,1
4/19/2022 2:18,18,Female,Single,University Student,"University, Goverment, Private",Yes,3,4,3,3,1,5,5,4,3,4,high,1,0,1,0,0,0,1,0,0
4/19/2022 2:27,28,Male,Single,University Student,University,Yes,3,2,5,4,1,5,5,5,2,4,high,1,0,1,0,0,1,1,0,0
4/19/2022 2:58,22,Male,Single,University Student,,Yes,2,4,4,4,1,5,4,3,3,5,high,0,1,1,1,1,1,1,0,0
4/19/2022 3:40,21,Male,Single,University Student,University,Yes,5,4,4,2,2,4,1,3,3,5,high,1,1,1,1,0,1,1,1,0
4/19/2022 4:53,21,Male,Single,University Student,University,Yes,5,5,5,3,2,4,4,2,3,5,high,0,1,1,1,0,1,1,0,0
4/19/2022 5:20,21,Female,In a relationship,University Student,"University, Company, Private",Yes,4,3,5,5,3,3,4,4,4,5,high,1,1,1,0,0,0,0,1,0
4/19/2022 6:31,17,Male,Single,School Student,School,Yes,2,4,4,3,4,5,2,3,2,4,high,1,1,1,0,1,0,1,0,0
4/19/2022 7:10,24,Non-binary,Single,Salaried Worker,,Yes,2,4,3,2,2,5,4,3,2,3,medium,0,0,1,0,0,0,1,0,0
4/19/2022 8:27,22,Female,In a relationship,University Student,University,Yes,1,3,4,3,2,1,2,1,2,4,high,1,0,1,0,0,0,0,0,0
4/19/2022 8:36,32,Female,Married,Salaried Worker,Company,Yes,1,4,3,2,1,2,1,2,4,4,high,0,0,0,0,0,0,1,0,0
4/19/2022 8:38,22,Male,Single,University Student,University,Yes,2,5,4,2,5,1,3,1,3,2,low,1,0,1,0,0,0,0,0,0
4/19/2022 9:17,20,Female,In a relationship,University Student,University,Yes,2,4,5,4,4,5,5,4,2,5,high,1,1,1,1,0,0,0,1,0
4/19/2022 9:18,22,Male,In a relationship,University Student,University,Yes,2,3,5,2,2,4,4,2,3,4,high,1,1,1,1,0,0,0,0,0
4/19/2022 9:53,28,Female,Single,University Student,University,Yes,3,4,5,4,2,5,4,2,3,5,high,1,0,1,0,0,0,0,0,0
4/19/2022 9:57,22,Female,Single,University Student,University,Yes,5,4,3,3,2,5,4,1,3,3,medium,1,1,1,1,1,0,0,0,0
4/19/2022 10:24,17,Unsure,Single,School Student,School,Yes,4,4,4,3,2,2,3,3,2,4,high,0,1,1,1,1,1,1,0,1
4/19/2022 10:25,30,Female,Single,Salaried Worker,University,Yes,4,4,5,3,3,4,4,3,3,3,medium,0,1,0,0,0,0,0,0,0
4/19/2022 10:59,22,Male,Single,University Student,University,Yes,5,5,5,1,1,2,3,2,1,3,medium,1,1,1,1,0,1,0,0,0
4/19/2022 13:52,14,Male,Single,School Student,School,Yes,4,5,5,2,1,2,1,1,3,3,medium,0,1,1,0,0,1,0,0,0
4/19/2022 14:08,20,Male,Single,School Student,,Yes,5,4,2,1,1,1,4,2,2,2,low,0,0,1,0,0,0,1,0,0
4/19/2022 14:21,22,Female,Single,School Student,University,Yes,5,4,4,4,4,4,5,5,3,5,high,1,1,1,0,0,0,0,1,0
4/19/2022 14:45,16,Male,Single,School Student,School,Yes,4,4,5,2,4,3,2,3,1,3,medium,1,1,1,1,0,1,0,0,1
4/19/2022 16:36,22,Female,In a relationship,University Student,"University, Company",Yes,2,3,4,3,3,4,3,2,2,3,medium,1,1,1,0,1,0,0,0,0
4/19/2022 19:13,22,Male,In a relationship,University Student,University,Yes,1,5,4,3,1,4,5,1,1,3,medium,1,1,1,1,1,1,1,1,0
4/19/2022 19:30,22,Male,Single,University Student,University,Yes,3,3,4,3,3,4,4,2,3,3,medium,0,1,0,0,0,0,0,0,0
4/19/2022 19:31,22,Male,Single,University Student,University,Yes,1,4,3,4,4,5,3,3,3,4,high,1,1,1,1,1,0,0,1,0
4/19/2022 19:39,21,Female,Single,University Student,University,Yes,4,2,3,4,4,3,1,3,4,3,medium,1,1,1,1,0,0,0,1,0
4/19/2022 19:40,23,Female,Single,University Student,University,Yes,4,2,3,4,3,3,2,3,4,3,medium,1,0,1,0,0,0,0,0,0
4/19/2022 20:10,23,Female,Single,University Student,University,Yes,2,3,2,2,3,2,3,1,3,3,medium,1,1,0,0,0,0,0,0,1
4/19/2022 20:13,48,Female,Married,Salaried Worker,School,Yes,1,1,1,1,2,3,1,1,3,1,low,1,0,1,0,0,0,0,0,0
4/19/2022 20:16,21,Female,In a relationship,University Student,,Yes,3,3,2,1,3,2,2,2,1,3,medium,1,1,1,1,0,0,0,0,0
4/19/2022 20:20,47,Female,Married,Salaried Worker,Goverment,Yes,2,4,3,3,3,2,3,2,3,3,medium,1,1,1,0,0,0,0,1,0
4/19/2022 20:24,48,Male,Married,Salaried Worker,Private,Yes,2,3,3,4,3,4,2,4,3,4,high,1,1,1,0,0,0,0,0,0
4/19/2022 20:31,26,Female,Single,Salaried Worker,Private,Yes,5,4,5,4,3,5,4,5,4,3,medium,1,1,1,0,0,0,0,1,0
4/19/2022 20:39,47,Male,Married,Salaried Worker,Company,Yes,2,4,3,4,1,3,2,2,3,3,medium,1,0,1,0,0,0,0,0,0
4/19/2022 20:42,47,Male,Married,Salaried Worker,"University, Private",Yes,1,2,4,3,2,3,2,3,3,3,medium,1,1,0,1,0,0,0,0,0
4/19/2022 20:45,27,Female,Single,Salaried Worker,School,Yes,5,2,5,4,4,3,4,5,1,3,medium,1,1,1,1,0,0,0,0,0
4/19/2022 20:52,34,Female,Married,Salaried Worker,School,Yes,5,5,5,4,3,3,2,3,3,4,high,1,0,0,0,0,0,0,0,0
4/19/2022 21:02,20,Female,Single,University Student,University,Yes,2,5,5,5,1,5,3,3,1,4,high,1,1,0,0,0,0,0,0,0
4/19/2022 21:07,22,Female,Single,University Student,University,Yes,5,5,4,5,4,5,3,3,3,4,high,1,0,0,0,0,0,0,0,0
4/19/2022 21:10,23,Female,In a relationship,University Student,University,Yes,5,5,5,5,4,5,5,5,5,4,high,1,1,1,1,0,1,0,0,1
4/19/2022 21:10,20,Male,Single,University Student,University,Yes,4,4,5,3,3,3,4,2,3,4,high,1,1,1,0,0,0,0,0,0
4/19/2022 21:12,48,Female,Married,Salaried Worker,Private,Yes,0,2,4,1,2,2,1,1,3,2,low,1,1,0,0,0,0,0,0,0
4/19/2022 21:12,20,Female,Single,University Student,University,Yes,3,4,3,1,1,4,3,4,2,2,low,1,1,1,0,0,0,0,0,1
4/19/2022 21:15,20,Female,Single,University Student,University,Yes,4,4,5,5,1,2,5,2,3,5,high,1,0,1,1,0,0,0,1,0
4/19/2022 21:15,22,Female,Single,University Student,University,Yes,5,4,5,4,1,5,4,3,1,4,high,1,1,1,1,0,0,0,0,0
4/19/2022 21:26,22,Female,Single,University Student,"University, N/A",Yes,5,5,5,3,4,2,1,4,5,3,medium,0,1,0,0,0,0,0,0,0
4/19/2022 21:27,20,Female,Single,University Student,Goverment,Yes,5,4,4,3,2,4,4,2,2,4,high,1,1,1,1,0,0,0,0,0
4/19/2022 21:32,24,Male,Single,University Student,University,Yes,2,1,1,3,2,4,4,3,3,4,high,1,1,1,1,1,1,0,0,0
4/19/2022 21:38,23,Female,Single,University Student,University,Yes,5,3,2,4,4,5,4,5,1,3,medium,1,1,1,1,0,0,0,1,1
4/19/2022 21:47,20,Female,Single,University Student,,Yes,3,5,2,1,1,1,4,5,1,3,medium,1,1,1,0,0,0,0,0,0
4/19/2022 21:48,16,Male,Single,School Student,School,Yes,2,3,1,2,1,3,3,2,4,3,medium,0,1,1,1,0,0,0,1,0
4/19/2022 21:50,50,Female,Single,Salaried Worker,School,Yes,2,2,1,1,3,3,1,1,4,2,low,1,1,1,0,0,1,0,1,0
4/19/2022 21:51,47,Male,Married,Salaried Worker,Private,Yes,1,4,2,2,3,2,3,4,2,2,low,1,0,1,0,0,0,0,0,0
4/19/2022 21:55,24,Male,Single,Salaried Worker,Private,Yes,2,3,3,2,2,4,3,2,4,2,low,1,1,1,0,1,0,0,0,0
4/19/2022 21:57,38,Female,Married,Salaried Worker,School,Yes,0,3,2,3,1,2,2,3,1,1,low,1,0,0,0,0,0,0,0,0
4/19/2022 22:04,50,Male,Divorced,Salaried Worker,Private,No,1,2,1,1,1,2,2,1,4,2,low,0,1,1,0,0,0,0,0,0
4/19/2022 22:09,49,Male,Married,Retired,Private,Yes,4,5,5,3,3,4,4,3,3,3,medium,1,1,1,0,1,0,0,1,0
4/19/2022 22:19,47,Female,Married,Salaried Worker,Goverment,Yes,2,3,3,3,1,3,1,1,3,2,low,1,0,1,0,0,0,0,1,0
4/19/2022 22:22,48,Female,Married,Salaried Worker,"Company, Private",Yes,2,3,3,1,1,1,1,1,1,2,low,1,1,1,0,1,0,0,1,0
4/19/2022 22:23,51,Male,Married,Salaried Worker,Private,Yes,1,4,3,2,3,3,3,3,3,3,medium,1,1,1,1,1,0,0,1,0
4/19/2022 22:31,50,Male,Married,Salaried Worker,Company,Yes,3,4,3,4,3,5,4,3,4,4,high,1,1,1,0,1,0,0,0,0
4/19/2022 22:39,47,Female,Married,Salaried Worker,Private,Yes,3,3,2,2,1,2,1,3,4,2,low,1,1,1,0,1,0,0,1,0
4/19/2022 22:42,27,Female,Married,Salaried Worker,Private,Yes,4,4,5,2,3,5,3,5,2,5,high,1,1,1,0,0,0,0,0,0
4/19/2022 22:44,40,Female,Single,Salaried Worker,Private,Yes,1,4,2,1,3,4,4,3,3,3,medium,1,1,1,0,1,0,0,0,0
4/19/2022 22:45,46,Male,Divorced,Salaried Worker,Private,Yes,0,3,1,1,5,2,2,1,3,1,low,1,1,1,1,1,0,0,0,0
4/19/2022 22:49,21,Female,Single,University Student,"University, Private",Yes,4,4,3,4,3,3,5,5,2,3,medium,1,1,1,1,0,1,0,0,0
4/19/2022 22:50,47,Female,Married,Salaried Worker,Private,Yes,1,4,4,3,3,2,3,4,2,3,medium,1,0,0,0,0,0,0,0,0
4/19/2022 23:13,20,Female,In a relationship,University Student,University,Yes,5,4,4,3,4,4,4,5,1,4,high,1,1,1,1,1,1,0,1,0
4/19/2022 23:23,47,Female,Married,Salaried Worker,University,Yes,1,3,4,3,1,5,2,2,2,4,high,1,1,1,0,1,0,0,0,0
4/19/2022 23:28,48,Male,Married,Salaried Worker,Private,Yes,3,3,3,3,3,2,2,3,3,3,medium,1,1,1,0,0,0,0,0,0
4/19/2022 23:28,49,Male,Married,Salaried Worker,Company,Yes,4,4,3,2,2,2,2,2,4,2,low,1,0,1,0,0,0,0,0,0
4/19/2022 23:38,21,Male,In a relationship,University Student,"University, Private",Yes,3,3,2,1,3,2,2,2,4,2,low,1,0,1,0,0,1,0,0,0
4/19/2022 23:43,32,Female,Married,Salaried Worker,School,Yes,4,5,2,4,1,2,1,1,5,2,low,1,1,1,0,0,1,0,1,0
4/19/2022 23:51,47,Female,Married,Salaried Worker,University,Yes,2,3,1,2,2,2,2,3,3,2,low,0,1,1,0,1,0,0,0,0
4/19/2022 23:53,50,Male,Married,Salaried Worker,Private,Yes,1,1,1,2,3,2,3,1,1,2,low,1,0,1,0,1,0,0,0,0
4/20/2022 0:00,48,Male,Divorced,Salaried Worker,Private,Yes,0,5,1,1,3,4,4,1,3,2,low,1,1,1,0,1,0,0,0,0
4/20/2022 0:07,21,Female,In a relationship,University Student,"University, Company, Private",Yes,3,2,2,1,2,4,3,3,3,5,high,1,1,1,0,0,0,0,1,0
4/20/2022 0:24,47,Male,Married,Salaried Worker,Company,Yes,0,1,1,2,1,3,2,2,3,4,high,0,0,0,0,1,0,0,0,0
4/20/2022 0:25,36,Female,Married,Salaried Worker,School,Yes,2,3,2,1,1,4,1,1,1,2,low,0,0,1,0,0,0,0,0,0
4/20/2022 0:50,37,Female,Married,Retired,Private,Yes,1,3,1,2,2,1,4,1,2,2,low,1,1,1,0,0,0,0,0,0
4/20/2022 1:10,19,Female,In a relationship,School Student,School,Yes,4,5,4,4,4,5,4,2,5,4,high,1,0,0,0,0,0,0,0,0
4/20/2022 1:48,30,Male,In a relationship,Salaried Worker,Company,Yes,1,4,2,1,2,2,2,4,2,2,low,1,1,1,0,0,0,0,0,0
4/20/2022 2:03,48,Male,Married,Salaried Worker,Private,Yes,0,3,1,1,2,1,1,5,3,2,low,1,1,1,1,1,1,1,1,1
4/20/2022 2:07,48,Female,Married,Retired,,Yes,5,4,5,5,2,4,3,3,3,5,high,1,1,1,0,0,0,0,1,1
4/20/2022 3:54,48,Male,Married,Salaried Worker,Company,Yes,3,3,2,3,2,4,3,2,3,3,medium,0,0,1,0,1,0,0,0,0
4/20/2022 4:20,47,Male,Married,Salaried Worker,"University, Company",Yes,2,3,2,3,2,5,3,2,5,4,high,0,1,1,0,1,0,1,0,1
4/20/2022 4:42,47,Female,Married,Salaried Worker,Company,Yes,0,2,2,2,2,2,2,4,3,2,low,1,0,0,0,1,0,0,0,0
4/20/2022 5:54,48,Male,Married,Salaried Worker,,Yes,0,5,1,1,1,2,2,1,1,1,low,1,0,1,0,0,0,0,1,0
4/20/2022 6:15,21,Male,Single,University Student,"School, University, Private",Yes,2,2,4,2,3,2,2,3,5,2,low,1,1,1,0,1,0,0,1,0
4/20/2022 6:28,48,Male,Married,Salaried Worker,Private,Yes,1,2,2,1,1,1,1,2,3,2,low,0,0,1,0,1,0,0,0,0
4/20/2022 7:20,21,Male,In a relationship,University Student,University,Yes,0,2,3,2,1,3,2,2,3,3,medium,1,1,1,1,1,1,0,0,0
4/20/2022 7:35,20,Male,Single,University Student,University,Yes,5,5,5,5,1,2,3,3,3,4,high,0,1,1,1,1,1,1,0,1
4/20/2022 8:37,20,Female,Single,University Student,University,Yes,3,4,5,4,2,5,3,5,2,4,high,1,0,1,0,0,0,0,0,0
4/20/2022 10:51,20,Male,Single,University Student,University,Yes,1,5,5,2,4,4,5,3,2,4,high,1,1,1,0,0,0,0,0,0
4/20/2022 11:25,21,Female,Single,University Student,,Yes,1,4,4,4,4,4,3,4,3,3,medium,1,1,1,1,0,0,0,0,0
4/20/2022 11:43,20,Female,In a relationship,University Student,University,Yes,4,4,3,5,3,4,4,5,4,4,high,0,1,1,0,0,0,0,1,0
4/20/2022 12:16,47,Male,Married,Salaried Worker,Company,Yes,2,4,3,3,1,4,1,1,2,2,low,0,1,1,0,1,0,1,0,1
4/20/2022 13:24,35,Female,Divorced,Salaried Worker,School,Yes,0,3,2,1,4,1,1,1,3,1,low,1,0,1,0,0,0,0,0,0
4/20/2022 13:24,23,Female,Single,University Student,University,Yes,3,5,3,3,3,3,4,1,3,4,high,0,0,0,0,0,0,0,1,0
4/20/2022 13:43,21,Female,Single,University Student,University,Yes,4,3,5,4,1,5,3,3,2,5,high,1,1,1,1,1,0,0,1,0
4/20/2022 14:41,21,Female,In a relationship,University Student,University,Yes,2,3,2,5,4,4,4,3,2,2,low,1,1,1,0,0,0,0,1,0
4/20/2022 16:11,37,Female,Married,Salaried Worker,University,Yes,1,5,4,4,2,5,4,5,2,3,medium,1,0,1,0,0,0,0,0,0
4/20/2022 16:37,48,Male,Married,Salaried Worker,Company,Yes,1,4,2,2,3,2,3,2,3,3,medium,1,1,1,0,1,0,0,0,0
4/20/2022 16:44,47,Male,Married,Salaried Worker,Goverment,Yes,0,3,1,1,2,4,1,3,3,2,low,1,0,1,0,0,0,0,0,1
4/20/2022 17:44,25,Female,Married,Salaried Worker,Company,Yes,4,3,4,5,4,5,5,2,4,4,high,1,1,1,0,1,0,1,1,1
4/20/2022 18:14,22,Female,In a relationship,University Student,University,Yes,5,5,5,4,3,4,3,2,3,4,high,1,1,1,1,1,1,0,1,1
4/20/2022 19:24,45,Male,Married,Salaried Worker,Private,Yes,2,3,2,3,2,3,2,3,2,3,medium,1,0,1,0,0,0,0,0,0
4/20/2022 19:28,47,Male,Married,Salaried Worker,"Company, Private",Yes,1,4,3,2,3,3,3,2,3,3,medium,0,1,1,0,0,0,0,0,0
4/20/2022 21:11,47,Female,Single,Salaried Worker,Company,Yes,4,4,5,2,1,3,3,3,3,2,low,1,1,1,0,1,0,0,1,0
4/20/2022 21:18,24,Female,Married,University Student,Private,Yes,5,5,3,4,3,4,4,3,3,4,high,1,1,0,0,0,0,0,1,0
4/20/2022 22:01,21,Female,In a relationship,University Student,University,Yes,2,5,5,5,5,1,2,2,5,5,high,0,1,0,0,0,0,0,0,0
4/20/2022 22:07,22,Female,Single,University Student,University,Yes,2,3,2,2,3,2,4,1,3,2,low,1,0,1,0,0,1,1,1,0
4/20/2022 22:17,19,Female,Single,School Student,School,Yes,2,3,4,3,3,3,4,3,5,3,medium,1,1,1,1,0,1,0,1,1
4/20/2022 22:37,21,Female,In a relationship,University Student,University,Yes,4,3,3,2,1,2,4,3,2,4,high,1,1,1,1,0,0,0,0,0
4/20/2022 22:50,22,Female,In a relationship,University Student,University,Yes,5,5,3,3,4,5,5,2,3,3,medium,1,1,1,1,0,0,0,0,0
4/20/2022 22:53,20,Male,Single,University Student,,Yes,3,4,5,4,4,5,4,1,3,4,high,1,1,1,1,0,1,0,0,1
4/20/2022 23:07,42,Female,Married,Salaried Worker,School,Yes,2,3,1,1,1,1,1,1,3,2,low,1,1,1,0,0,1,0,1,0
4/20/2022 23:15,35,Female,Married,Salaried Worker,School,Yes,2,5,3,2,1,1,3,2,4,2,low,1,0,0,0,0,0,0,0,0
4/20/2022 23:32,38,Male,Married,Salaried Worker,University,Yes,4,3,3,3,3,3,2,3,4,2,low,1,0,1,0,1,1,1,0,0
4/20/2022 23:45,17,Male,Single,School Student,School,Yes,0,2,2,2,1,2,1,1,2,1,low,1,1,1,0,0,0,0,0,0
4/20/2022 23:51,32,Male,Married,Salaried Worker,"Company, Private",Yes,1,3,1,3,1,2,1,1,3,2,low,1,0,1,0,0,1,1,0,0
4/21/2022 0:36,21,Female,Single,University Student,University,Yes,1,3,3,2,2,4,2,4,2,4,high,1,1,1,1,1,1,0,0,0
4/21/2022 0:49,22,Male,In a relationship,University Student,"University, Private",Yes,3,4,2,2,2,4,3,2,4,2,low,1,1,1,1,0,1,1,0,0
4/21/2022 0:59,27,Female,Married,University Student,University,Yes,5,5,5,3,1,3,3,1,3,3,medium,1,1,1,0,0,0,0,0,0
4/21/2022 1:33,21,Male,In a relationship,University Student,University,Yes,3,4,5,3,4,5,3,5,2,5,high,1,1,1,0,0,1,1,0,1
4/21/2022 1:39,27,Male,Married,Salaried Worker,"University, Company",Yes,5,5,5,5,1,5,5,1,3,5,high,1,0,0,0,0,1,1,0,0
4/21/2022 1:44,20,Male,Single,School Student,School,Yes,2,3,2,3,3,3,2,3,2,2,low,0,1,0,0,0,1,1,1,1
4/21/2022 2:29,27,Female,Married,Salaried Worker,Private,Yes,3,4,4,4,1,4,1,2,2,4,high,1,1,1,0,0,0,0,0,0
4/21/2022 3:27,24,Male,Single,University Student,"University, Company",Yes,3,5,5,5,1,1,5,5,4,5,high,1,1,1,0,0,1,0,0,0
4/21/2022 4:54,26,Female,Single,Salaried Worker,Private,Yes,2,3,2,1,1,1,1,1,1,1,low,1,1,1,1,0,0,0,1,0
4/21/2022 7:09,20,Female,Single,University Student,University,Yes,3,2,1,1,3,5,4,5,4,3,medium,0,1,1,1,1,1,1,1,1
4/21/2022 10:12,31,Male,Single,Salaried Worker,School,Yes,2,3,3,3,4,4,3,4,4,3,medium,1,1,1,0,0,1,0,0,0
4/21/2022 10:40,21,Male,Single,University Student,University,Yes,5,5,1,1,1,1,1,1,3,1,low,0,0,1,0,0,1,1,0,0
4/21/2022 13:23,34,Male,Married,Salaried Worker,Private,Yes,5,5,3,2,5,3,5,4,4,4,high,1,0,1,0,0,0,0,0,1
4/21/2022 13:36,22,Male,Single,University Student,University,Yes,0,1,1,1,1,1,1,1,1,1,low,1,0,1,1,0,0,0,0,0
4/21/2022 13:44,20,Female,In a relationship,University Student,,Yes,5,3,3,1,5,5,4,2,3,4,high,0,1,0,0,0,0,0,0,0
4/21/2022 15:26,23,Male,In a relationship,University Student,"University, Company",Yes,4,4,2,1,1,3,3,1,3,1,low,1,1,1,0,1,1,1,0,0
4/21/2022 15:57,48,Male,Married,Salaried Worker,Private,Yes,0,1,1,1,3,1,1,5,5,1,low,1,0,1,0,0,0,0,0,0
4/21/2022 17:47,37,Male,Married,Salaried Worker,Private,Yes,1,4,4,1,3,4,2,4,4,3,medium,1,0,1,0,0,0,0,0,0
4/21/2022 19:19,22,Male,Single,University Student,University,Yes,1,3,3,2,3,4,5,4,4,4,high,1,1,1,1,0,0,0,0,0
4/21/2022 19:35,50,Male,Single,Salaried Worker,,Yes,1,3,2,3,5,3,2,4,5,4,high,1,0,0,0,0,0,0,0,0
4/21/2022 20:26,21,Female,In a relationship,University Student,University,Yes,5,4,4,4,3,5,3,4,2,5,high,1,1,1,1,1,0,0,0,0
4/21/2022 20:31,23,Female,Single,University Student,"University, Goverment",Yes,2,4,4,1,1,2,2,1,2,3,medium,1,1,1,1,1,1,0,1,0
4/21/2022 20:47,21,Female,Single,University Student,University,Yes,1,4,3,1,3,4,3,5,2,3,medium,1,0,1,0,0,0,0,0,0
4/21/2022 22:29,22,Female,Single,University Student,University,Yes,3,3,3,3,3,3,3,2,3,3,medium,1,1,1,1,1,1,0,1,0
4/21/2022 23:02,22,Female,In a relationship,University Student,University,Yes,5,3,1,4,3,3,4,3,4,4,high,1,0,0,0,0,0,0,0,0
4/21/2022 23:02,22,Female,In a relationship,University Student,University,Yes,5,2,5,3,3,3,2,5,3,4,high,1,1,1,1,0,0,0,0,1
4/21/2022 23:11,19,Female,Single,University Student,University,Yes,3,5,4,5,5,5,4,5,1,4,high,1,1,1,1,0,1,0,1,0
4/22/2022 0:24,23,Female,Single,University Student,University,Yes,2,5,5,3,2,3,2,1,3,4,high,1,1,1,0,0,0,0,0,0
4/22/2022 2:35,46,Male,Married,Salaried Worker,"Company, Private",Yes,0,2,1,1,1,1,1,1,2,2,low,1,0,1,0,0,0,0,0,0
4/22/2022 8:35,21,Male,In a relationship,University Student,University,Yes,5,4,5,3,4,4,4,3,3,4,high,1,1,1,0,0,0,0,0,0
4/22/2022 11:56,24,Female,In a relationship,University Student,University,Yes,5,2,3,1,3,4,4,4,4,2,low,1,1,1,0,0,1,0,0,0
4/22/2022 13:31,20,Female,Single,University Student,University,Yes,0,3,1,1,2,2,1,5,1,2,low,1,1,1,0,0,0,0,0,0
4/22/2022 22:00,25,Male,Single,University Student,University,Yes,1,5,5,1,3,2,5,4,5,2,low,0,0,1,0,0,0,0,0,0
4/22/2022 22:26,21,Female,Single,University Student,"University, Company, Goverment",Yes,3,2,1,1,1,2,1,1,1,1,low,1,0,1,0,0,1,0,1,0
4/24/2022 5:23,23,Male,In a relationship,University Student,University,Yes,5,4,4,3,1,4,4,4,2,4,high,1,1,1,0,1,1,1,0,1
4/26/2022 3:01,22,Female,In a relationship,Salaried Worker,Company,Yes,5,5,4,4,4,4,4,4,4,4,high,0,1,1,0,0,1,1,0,1
4/26/2022 21:59,36,Male,Married,Salaried Worker,University,Yes,0,2,1,1,1,3,2,3,3,1,low,1,1,1,0,0,0,0,1,0
4/26/2022 22:13,22,Female,Single,University Student,University,Yes,2,5,5,3,2,5,5,3,1,3,medium,1,1,1,1,0,0,0,1,1
4/26/2022 23:02,69,Trans,Divorced,Salaried Worker,,Yes,5,5,5,5,5,5,5,5,5,5,high,0,0,0,0,0,0,0,0,1
4/26/2022 23:15,25,Female,Single,Salaried Worker,University,Yes,4,3,4,2,5,5,4,5,1,4,high,1,1,1,0,0,0,0,0,0
4/26/2022 23:32,22,Female,Single,University Student,University,Yes,4,4,2,1,4,4,4,5,1,4,high,1,1,1,1,1,0,0,0,1
4/26/2022 23:56,23,Male,Single,University Student,"University, N/A",Yes,3,3,4,2,4,5,2,5,4,4,high,1,1,1,1,0,1,0,0,1
4/27/2022 2:12,23,Male,Single,University Student,University,Yes,0,3,2,1,2,4,3,3,3,3,medium,1,1,0,0,0,0,0,0,0
5/11/2022 19:06,19,Female,Single,School Student,University,Yes,3,5,3,2,3,5,3,2,3,4,high,1,1,1,0,0,1,0,0,0
5/11/2022 19:07,21,Female,Single,University Student,"School, University, Private",Yes,1,3,5,2,2,2,3,1,4,3,medium,1,1,1,1,0,1,1,0,0
5/11/2022 19:09,27,Female,In a relationship,Salaried Worker,Private,Yes,4,5,5,3,3,4,4,4,2,4,high,1,1,1,1,0,0,0,0,0
5/11/2022 19:16,25,Female,Single,University Student,University,Yes,5,4,3,1,2,4,4,4,2,2,low,1,0,1,0,0,1,0,0,0
5/11/2022 19:19,20,Female,Single,University Student,University,Yes,2,4,2,1,1,4,2,1,5,2,low,1,1,1,1,0,0,0,0,0
5/11/2022 19:27,34,Female,Married,Salaried Worker,School,Yes,1,2,5,1,5,1,1,2,3,3,medium,1,0,0,0,0,0,0,0,0
5/11/2022 19:30,23,Female,Single,University Student,University,Yes,5,5,5,3,3,5,4,3,4,4,high,1,1,1,1,0,1,0,1,0
5/11/2022 19:31,34,Female,Married,Salaried Worker,School,Yes,1,2,2,1,1,1,1,2,1,1,low,1,0,0,0,0,0,0,0,0
5/11/2022 19:35,26,Female,Single,Salaried Worker,,Yes,4,5,5,3,3,5,5,3,3,5,high,1,1,1,0,0,1,0,1,1
5/11/2022 19:45,25,Male,Single,University Student,University,Yes,4,4,5,2,4,1,5,2,3,4,high,1,1,1,1,1,1,0,1,1
5/11/2022 19:47,22,Female,Married,University Student,University,Yes,2,5,4,2,2,3,2,1,3,3,medium,1,1,1,0,0,0,0,1,0
5/11/2022 19:47,20,Male,Single,University Student,University,Yes,0,4,2,1,2,5,2,1,4,3,medium,1,1,1,1,1,1,1,0,0
5/11/2022 19:47,23,Female,Single,University Student,University,Yes,5,4,5,3,3,5,3,5,1,4,high,1,1,1,1,0,0,0,0,0
5/11/2022 19:48,91,Female,Single,University Student,University,Yes,2,2,5,4,5,5,5,5,1,5,high,1,1,1,1,0,1,0,0,0
5/11/2022 19:51,22,Female,Single,University Student,University,Yes,4,4,1,2,1,1,1,1,2,1,low,1,1,1,1,0,1,0,0,0
5/11/2022 19:51,23,Female,Single,University Student,"University, N/A",Yes,5,3,3,2,4,3,4,3,3,3,medium,1,1,1,0,0,0,0,0,1
5/11/2022 19:58,21,Female,In a relationship,University Student,"University, Company",Yes,2,2,3,4,2,3,3,2,4,2,low,1,1,0,0,0,1,0,0,0
5/11/2022 20:12,36,Female,Married,Salaried Worker,,Yes,1,4,1,1,2,2,2,1,3,2,low,1,0,1,1,0,0,0,0,0
5/11/2022 20:13,21,Female,In a relationship,University Student,University,Yes,2,3,3,2,3,5,5,3,3,4,high,1,1,1,1,0,1,0,0,1
5/11/2022 20:15,22,Female,Single,University Student,University,Yes,1,2,2,2,3,2,3,4,3,2,low,1,1,1,0,0,0,0,0,0
5/11/2022 20:15,22,Male,Single,University Student,University,Yes,5,4,4,3,4,2,3,4,3,4,high,1,1,1,0,1,1,1,1,1
5/11/2022 20:17,22,Female,Single,University Student,University,Yes,5,5,2,5,2,4,2,4,3,4,high,1,1,1,1,0,0,0,0,0
5/11/2022 20:18,20,Female,Single,University Student,University,Yes,3,3,3,3,3,4,3,4,3,3,medium,1,1,1,0,0,1,0,0,0
5/11/2022 20:19,26,Female,In a relationship,Salaried Worker,Private,Yes,5,4,4,1,1,3,2,2,4,2,low,1,1,1,0,1,0,0,0,0
5/11/2022 20:34,21,Male,Single,University Student,University,Yes,2,3,3,2,2,5,4,2,3,4,high,0,0,1,0,0,0,0,0,0
5/11/2022 20:35,20,Female,Single,University Student,"University, Private",Yes,5,4,5,3,1,5,3,2,3,5,high,1,1,1,1,0,0,0,1,1
5/11/2022 20:36,21,Female,In a relationship,University Student,"School, University, Private",Yes,5,3,2,1,1,3,3,1,3,2,low,1,0,1,0,1,1,0,1,0
5/11/2022 20:39,19,Female,Single,School Student,School,Yes,5,3,2,1,1,2,2,1,3,3,medium,1,1,1,1,1,1,1,1,1
5/11/2022 20:41,20,Female,Single,University Student,University,Yes,5,4,5,5,4,5,5,5,1,5,high,1,1,1,1,0,1,0,1,1
5/11/2022 20:45,22,Female,Single,University Student,"University, Private",Yes,3,5,4,3,4,4,3,2,3,3,medium,1,1,1,1,1,1,1,1,1
5/11/2022 20:50,23,Male,Single,University Student,"School, University",Yes,1,2,2,1,1,5,5,1,3,4,high,0,0,1,0,0,1,1,0,0
5/11/2022 20:51,21,Male,Single,University Student,University,Yes,2,4,4,4,3,5,3,4,2,4,high,1,1,1,0,1,1,1,0,0
5/11/2022 20:57,21,Female,In a relationship,University Student,"School, University",Yes,3,5,4,2,3,5,5,4,3,5,high,1,1,1,1,0,1,0,1,1
5/11/2022 20:58,22,Male,In a relationship,University Student,University,Yes,4,5,5,3,5,5,5,5,5,5,high,1,1,1,1,0,1,0,0,0
5/11/2022 21:02,26,Male,Single,Salaried Worker,Company,Yes,5,5,5,5,1,5,5,5,5,5,high,1,1,1,0,0,1,0,0,0
5/11/2022 21:06,22,Female,In a relationship,University Student,University,Yes,2,4,4,2,4,5,5,1,3,3,medium,1,1,1,0,0,1,0,0,0
5/11/2022 21:08,17,Male,Single,School Student,School,Yes,2,3,4,3,4,3,5,5,3,3,medium,0,0,0,0,0,1,0,0,0
5/11/2022 21:14,23,Male,Single,University Student,"University, Private",Yes,5,4,3,3,4,5,3,5,4,4,high,1,1,1,0,0,1,0,1,1
5/11/2022 21:14,21,Male,Single,School Student,"School, Company",Yes,3,2,4,2,4,5,4,5,4,4,high,1,1,1,0,0,1,1,1,0
5/11/2022 21:16,22,Female,Single,University Student,University,Yes,5,1,1,1,1,1,2,2,2,1,low,1,1,1,1,0,0,0,0,0
5/11/2022 21:19,20,Male,Single,University Student,University,Yes,5,4,5,3,1,5,5,4,2,3,medium,1,1,1,1,1,1,0,0,1
5/11/2022 21:20,24,Female,Single,University Student,University,Yes,4,4,4,3,3,4,4,3,3,4,high,1,1,1,0,1,0,0,0,0
5/11/2022 21:20,22,Female,Single,University Student,Private,Yes,3,4,4,2,2,4,3,3,2,5,high,1,1,1,1,0,0,0,0,0
5/11/2022 21:22,24,Male,Single,University Student,University,Yes,3,4,3,2,3,2,2,2,1,3,medium,1,1,1,0,1,1,0,0,0
5/11/2022 21:22,22,Female,Single,University Student,University,Yes,5,3,4,4,4,5,5,5,2,4,high,1,1,1,1,0,0,0,1,0
5/11/2022 21:24,26,Male,In a relationship,University Student,"University, Private",Yes,4,3,3,2,4,4,4,2,3,2,low,1,1,1,1,1,1,0,1,0
5/11/2022 21:25,24,Female,In a relationship,Salaried Worker,Private,Yes,3,2,1,1,3,4,3,1,1,2,low,1,1,1,0,0,1,0,1,0
5/11/2022 21:29,22,Female,Single,University Student,University,Yes,2,3,4,1,3,2,3,3,3,3,medium,1,0,1,0,0,0,0,0,0
5/11/2022 21:30,25,Female,In a relationship,University Student,University,Yes,3,3,2,1,2,4,4,3,3,2,low,1,1,1,1,0,1,0,0,0
5/11/2022 21:32,21,Female,Single,University Student,University,Yes,4,4,5,3,3,4,4,2,3,5,high,1,1,1,1,0,1,1,1,1
5/11/2022 21:34,20,Female,In a relationship,University Student,University,Yes,2,4,4,4,4,4,5,5,5,4,high,1,1,1,1,0,0,0,0,1
5/11/2022 21:35,22,Female,Single,University Student,University,Yes,1,3,3,1,5,1,1,1,3,2,low,1,1,1,0,0,0,0,0,0
5/11/2022 21:35,25,Female,In a relationship,Salaried Worker,Company,Yes,2,2,1,3,1,4,2,3,3,2,low,1,1,1,1,1,0,0,1,0
5/11/2022 21:36,17,Male,Single,School Student,School,Yes,4,2,1,4,1,5,4,4,3,2,low,1,0,0,0,0,1,0,0,0
5/11/2022 21:38,22,Female,Single,University Student,University,Yes,2,4,2,3,3,5,4,4,3,3,medium,1,1,1,0,1,0,0,0,0
5/11/2022 21:45,26,Male,Single,University Student,University,Yes,1,3,4,2,1,4,3,2,2,4,high,1,1,1,0,1,0,1,0,0
5/11/2022 21:46,22,Female,Single,University Student,"University, Goverment",Yes,2,2,3,2,3,3,5,4,3,3,medium,1,0,0,0,0,0,0,0,0
5/11/2022 21:46,23,Male,In a relationship,University Student,"University, Company, Private",Yes,2,3,4,5,3,5,5,3,3,2,low,1,1,1,1,0,0,0,1,0
5/11/2022 21:47,25,Male,Single,Salaried Worker,"Company, Private",Yes,2,4,2,2,2,5,5,1,1,4,high,1,1,1,1,0,0,0,0,0
5/11/2022 21:55,21,Male,Single,School Student,"University, Company",Yes,2,4,5,3,4,2,4,2,3,5,high,0,1,1,1,0,1,1,0,0
5/11/2022 21:56,30,Female,Single,Salaried Worker,Private,Yes,2,4,5,4,1,3,4,4,3,4,high,1,0,0,0,0,0,0,0,1
5/11/2022 21:56,23,Female,Single,University Student,University,Yes,3,2,4,1,2,4,3,4,2,3,medium,1,1,1,0,0,0,0,0,0
5/11/2022 21:56,22,Male,In a relationship,Salaried Worker,"University, Company",Yes,4,4,5,4,3,5,3,3,3,4,high,1,1,1,1,1,1,1,0,1
5/11/2022 21:59,21,Female,In a relationship,University Student,University,Yes,4,5,5,5,2,4,5,5,2,4,high,1,1,1,0,0,0,0,0,0
5/11/2022 22:01,20,Female,In a relationship,University Student,University,Yes,3,5,3,2,5,2,1,1,3,3,medium,1,0,1,0,0,0,0,0,0
5/11/2022 22:03,18,Female,Single,University Student,University,Yes,5,3,2,2,3,4,2,1,3,2,low,1,1,1,1,0,1,0,1,0
5/11/2022 22:05,20,Female,Single,University Student,University,Yes,3,3,3,2,2,4,2,2,3,2,low,0,1,1,0,1,0,0,0,0
5/11/2022 22:06,15,Female,Single,School Student,School,Yes,3,4,3,1,1,5,5,3,3,3,medium,0,1,1,0,0,1,0,1,0
5/11/2022 22:07,22,Male,Single,University Student,University,Yes,5,5,3,2,1,5,3,1,3,4,high,1,1,1,1,1,1,1,1,0
5/11/2022 22:08,17,Female,Single,School Student,School,Yes,5,2,5,4,3,3,2,2,2,5,high,1,1,1,1,0,0,0,1,1
5/11/2022 22:10,21,Male,Single,University Student,University,Yes,1,2,3,1,1,5,5,3,3,4,high,1,1,0,0,0,0,0,0,0
5/11/2022 22:11,22,Female,Single,University Student,University,Yes,5,5,1,4,2,4,4,3,4,3,medium,1,1,1,1,1,0,0,0,1
5/11/2022 22:11,23,Female,Married,University Student,University,Yes,5,4,3,3,3,4,3,4,4,4,high,1,0,0,0,0,0,0,0,0
5/11/2022 22:11,24,Male,Single,University Student,University,Yes,3,2,1,1,1,4,3,1,3,1,low,1,1,1,1,1,1,1,1,0
5/11/2022 22:14,21,Female,In a relationship,University Student,"University, Private",Yes,5,4,5,4,2,3,5,3,3,5,high,1,1,1,1,0,0,0,0,0
5/11/2022 22:20,22,Female,Single,University Student,University,Yes,5,5,5,5,4,5,5,5,1,5,high,1,1,1,1,0,0,0,1,1
5/11/2022 22:21,22,Female,Single,University Student,University,Yes,5,5,5,5,5,5,5,5,5,5,high,1,0,1,1,0,1,0,0,0
5/11/2022 22:21,21,Female,Single,University Student,"University, Private",Yes,5,3,4,5,3,5,5,5,5,4,high,1,1,1,1,1,0,0,0,1
5/11/2022 22:21,21,Female,Single,University Student,University,Yes,5,3,3,2,3,4,4,4,3,3,medium,1,1,1,1,0,1,0,1,0
5/11/2022 22:29,18,Male,Single,School Student,,Yes,5,5,4,1,3,4,3,1,3,3,medium,1,1,1,0,1,1,1,1,0
5/11/2022 22:30,19,Male,Single,University Student,University,Yes,0,3,2,1,4,4,2,2,3,2,low,1,1,1,1,1,1,0,0,0
5/11/2022 22:32,22,Male,Single,University Student,"University, Company",Yes,5,5,4,2,1,5,5,1,1,3,medium,1,1,1,1,1,1,1,0,0
5/11/2022 22:33,21,Non-binary,Single,University Student,University,Yes,5,4,2,3,5,5,5,4,3,5,high,1,1,1,1,0,0,1,1,1
5/11/2022 22:33,21,Female,Single,University Student,,Yes,3,5,5,4,3,5,5,5,5,4,high,1,1,1,1,0,1,0,0,1
5/11/2022 22:34,22,Male,Single,University Student,University,Yes,2,4,5,4,5,5,5,2,2,5,high,1,1,1,0,0,1,0,1,0
5/11/2022 22:36,21,Female,Single,University Student,"University, Company",Yes,2,4,4,1,2,2,4,2,2,3,medium,1,1,0,1,0,0,0,1,1
5/11/2022 22:38,23,Male,Married,University Student,University,Yes,2,5,4,3,2,4,4,3,2,5,high,1,1,1,1,1,1,1,1,1
5/11/2022 22:38,19,Male,Single,University Student,University,Yes,3,4,2,2,1,3,1,2,5,2,low,1,1,1,1,1,1,1,1,1
5/11/2022 22:41,26,Male,Single,Salaried Worker,"School, Company",Yes,2,4,3,2,1,3,4,4,3,3,medium,1,1,1,1,1,1,1,0,0
5/11/2022 22:44,27,Male,Single,Salaried Worker,Company,Yes,2,5,5,2,1,1,3,2,4,2,low,1,1,1,0,1,0,1,1,0
5/11/2022 22:45,25,Female,Single,University Student,"University, Company, Private",Yes,5,5,5,4,3,5,5,2,2,2,low,1,1,1,0,0,0,0,1,1
5/11/2022 22:46,20,Female,Single,University Student,University,Yes,4,3,3,3,3,3,3,3,3,3,medium,1,1,1,0,0,1,0,0,0
5/11/2022 22:50,20,Female,Single,University Student,University,Yes,5,4,2,4,2,5,4,1,3,4,high,1,1,1,1,1,0,0,0,0
5/11/2022 22:52,22,Male,Single,University Student,University,Yes,3,4,4,1,1,3,1,1,1,2,low,1,1,1,1,1,1,1,1,0
5/11/2022 22:54,18,Female,Single,School Student,Private,Yes,3,5,5,2,4,4,4,5,2,5,high,1,1,1,0,0,0,0,0,0
5/11/2022 22:54,22,Male,In a relationship,University Student,"University, Company",Yes,2,4,3,2,1,4,3,2,4,2,low,1,1,1,1,0,1,1,0,0
5/11/2022 22:55,20,Male,Single,Salaried Worker,Company,Yes,1,3,3,2,4,5,5,1,3,3,medium,1,1,0,1,1,0,1,0,0
5/11/2022 22:57,24,Male,Single,Salaried Worker,Company,Yes,5,5,3,5,1,4,3,1,3,5,high,0,0,1,0,0,1,0,0,0
5/11/2022 23:02,21,Male,Single,University Student,University,Yes,4,3,4,3,4,5,3,4,4,4,high,1,1,1,0,0,0,0,0,0
5/11/2022 23:11,29,Female,Single,Salaried Worker,Private,Yes,3,5,3,1,1,5,5,2,2,4,high,1,1,0,0,0,0,0,0,0
5/11/2022 23:12,21,Male,Single,University Student,"University, Company, Private",Yes,1,4,4,3,2,5,2,4,2,3,medium,1,1,1,1,0,1,0,0,1
5/11/2022 23:16,19,Female,Single,University Student,"School, University, Private",Yes,5,3,5,4,1,5,5,1,5,4,high,1,1,1,1,0,1,1,1,1
5/11/2022 23:17,21,Female,In a relationship,University Student,University,Yes,2,5,4,3,1,4,5,2,3,4,high,1,1,1,1,0,1,0,0,0
5/11/2022 23:22,43,Male,Married,Salaried Worker,Goverment,Yes,0,2,1,1,3,1,1,1,3,1,low,1,0,1,0,0,0,0,0,0
5/11/2022 23:23,22,Female,Married,University Student,University,Yes,4,5,5,3,1,4,4,4,1,3,medium,1,1,1,1,1,1,1,1,1
5/11/2022 23:27,24,Male,In a relationship,University Student,"University, Company",Yes,4,4,5,3,1,5,3,1,3,4,high,1,1,1,1,1,1,1,0,0
5/11/2022 23:33,18,Female,Single,School Student,School,Yes,5,5,5,3,1,5,5,1,3,4,high,1,0,1,0,0,0,0,0,0
5/11/2022 23:34,19,Female,Single,University Student,University,Yes,3,4,3,1,1,4,4,2,3,3,medium,1,1,1,1,0,1,0,0,0
5/11/2022 23:35,37,Female,In a relationship,Salaried Worker,Private,Yes,1,2,2,1,1,3,3,2,3,3,medium,1,0,1,0,0,0,0,0,0
5/11/2022 23:37,24,Male,Single,University Student,University,Yes,4,4,4,2,3,4,3,4,2,4,high,1,1,1,0,0,1,1,0,0
5/11/2022 23:38,29,Female,Single,Salaried Worker,University,Yes,1,2,2,1,1,5,5,4,2,3,medium,1,1,1,0,1,0,1,1,0
5/11/2022 23:40,19,Male,Single,School Student,Private,Yes,4,3,3,2,3,3,2,2,1,2,low,1,1,1,1,0,1,1,0,1
5/11/2022 23:41,35,Male,Married,Salaried Worker,Company,Yes,0,2,3,2,4,4,3,2,2,3,medium,1,1,1,0,0,1,0,0,0
5/11/2022 23:43,22,Female,Single,University Student,University,Yes,2,4,5,4,1,5,4,3,3,4,high,0,0,0,0,1,1,1,0,0
5/11/2022 23:54,23,Male,Single,University Student,"University, Company",Yes,1,3,2,2,2,2,3,2,4,2,low,1,1,1,1,1,1,0,1,0
5/11/2022 23:59,22,Female,Single,University Student,University,Yes,5,5,5,5,2,4,3,2,3,4,high,0,1,0,0,1,0,0,0,1
5/12/2022 0:07,25,Male,Single,Salaried Worker,Private,Yes,2,4,4,1,2,5,4,5,2,4,high,1,1,1,1,0,1,0,0,0
5/12/2022 0:16,19,Male,Single,School Student,School,Yes,4,3,3,4,3,3,3,4,3,3,medium,1,1,1,0,0,0,0,0,1
5/12/2022 0:22,29,Female,Married,Salaried Worker,Private,Yes,1,4,4,1,1,3,2,2,3,3,medium,1,1,1,0,0,0,0,1,0
5/12/2022 0:22,21,Female,In a relationship,University Student,"University, Private",Yes,4,4,5,3,4,3,4,5,1,3,medium,1,1,1,1,1,0,0,1,0
5/12/2022 0:26,21,Male,In a relationship,University Student,University,Yes,4,4,2,2,1,1,2,1,3,2,low,1,1,1,1,0,1,0,0,0
5/12/2022 0:29,22,Female,Married,University Student,,Yes,2,3,2,1,2,1,1,1,1,2,low,1,1,1,1,0,1,0,0,0
5/12/2022 0:30,23,Female,Single,University Student,"University, Company",Yes,4,5,4,2,4,5,5,5,1,4,high,1,1,1,1,1,1,1,1,1
5/12/2022 0:32,22,Female,In a relationship,University Student,University,Yes,2,4,5,4,2,3,4,4,3,5,high,1,1,1,0,0,0,0,0,0
5/12/2022 0:41,20,Male,Divorced,University Student,University,Yes,5,5,5,5,5,5,5,5,5,5,high,1,1,1,1,0,1,0,0,0
5/12/2022 0:52,27,Female,Single,Salaried Worker,Private,Yes,3,3,3,3,3,4,5,4,4,3,medium,1,1,1,1,1,1,1,1,0
5/12/2022 0:54,24,Male,Single,Salaried Worker,Company,Yes,5,5,2,2,3,4,2,2,3,2,low,1,1,1,1,0,0,0,0,0
5/12/2022 0:55,21,Female,Married,University Student,"University, Company",Yes,1,5,5,2,5,5,4,5,1,5,high,0,0,1,0,0,0,0,1,0
5/12/2022 1:12,23,Female,Single,University Student,University,Yes,0,3,2,1,2,2,3,1,2,2,low,1,1,1,0,1,0,1,1,0
5/12/2022 1:30,21,Female,Single,University Student,University,Yes,3,4,4,2,2,4,3,2,3,4,high,1,1,1,1,1,0,0,0,0
5/12/2022 1:36,23,Female,In a relationship,University Student,University,Yes,2,4,4,3,3,4,2,4,2,2,low,1,1,1,1,1,1,0,1,1
5/12/2022 2:05,24,Female,In a relationship,University Student,University,Yes,4,3,2,2,3,5,5,5,2,4,high,1,1,1,1,1,1,1,1,1
5/12/2022 2:06,21,Male,Single,University Student,University,Yes,4,3,2,2,2,4,5,1,3,3,medium,1,1,1,0,0,0,0,0,0
5/12/2022 2:09,30,Female,Single,Salaried Worker,,Yes,2,4,5,3,5,5,4,4,2,5,high,1,1,1,1,1,1,1,0,0
5/12/2022 2:10,23,Male,Single,University Student,University,Yes,3,3,4,2,5,5,5,5,5,3,medium,1,1,1,1,0,0,0,0,0
5/12/2022 2:18,22,Female,Single,University Student,University,Yes,5,4,3,3,1,2,1,3,3,3,medium,1,1,1,1,0,0,0,1,1
5/12/2022 2:30,29,Female,Single,University Student,University,Yes,5,5,5,3,3,4,5,5,3,5,high,0,1,1,0,0,1,1,1,0
5/12/2022 3:02,20,Male,Single,University Student,"School, University",Yes,3,4,3,2,5,5,5,5,5,4,high,1,0,1,0,0,0,0,0,0
5/12/2022 3:24,26,Female,Single,University Student,University,Yes,5,4,2,2,3,5,4,5,2,4,high,1,1,1,1,1,1,1,1,1
5/12/2022 3:24,24,Male,Single,Salaried Worker,Company,Yes,1,3,4,1,4,3,5,3,3,3,medium,1,1,1,1,0,0,0,0,0
5/12/2022 3:26,26,Male,In a relationship,University Student,University,Yes,3,4,5,3,2,4,3,5,1,4,high,1,0,1,0,0,1,0,0,0
5/12/2022 3:37,22,Male,Single,University Student,"University, Company",Yes,2,5,4,2,1,3,2,3,4,3,medium,1,1,1,1,0,1,0,1,1
5/12/2022 3:47,23,Male,Single,University Student,"University, Private",Yes,4,5,5,2,2,5,3,5,3,3,medium,1,1,1,1,0,1,1,1,0
5/12/2022 3:57,19,Male,Single,School Student,School,Yes,4,4,4,2,4,4,2,5,2,4,high,0,1,1,0,1,0,0,0,1
5/12/2022 4:35,21,Female,Single,University Student,University,Yes,2,3,4,3,2,4,4,5,1,4,high,1,1,1,1,0,1,1,1,1
5/12/2022 4:46,20,Female,Single,University Student,University,Yes,4,5,5,5,2,5,4,2,3,5,high,1,1,1,1,0,1,0,0,0
5/12/2022 5:24,22,Male,Single,University Student,University,Yes,5,4,4,4,4,2,3,2,3,3,medium,1,1,1,0,1,1,0,1,0
5/12/2022 8:09,22,Male,Single,University Student,University,Yes,5,3,3,3,1,5,5,4,3,4,high,1,1,1,1,1,1,1,0,0
5/12/2022 8:41,23,Male,Single,University Student,University,Yes,5,5,4,4,1,5,5,2,3,5,high,1,1,1,1,0,1,0,0,0
5/12/2022 9:25,22,Female,Single,University Student,University,Yes,5,4,5,5,4,5,5,5,2,5,high,1,1,1,1,1,1,0,1,1
5/12/2022 10:10,20,Female,In a relationship,School Student,"Company, Private",Yes,5,5,4,2,3,3,2,1,3,2,low,1,1,1,0,0,0,0,1,0
5/12/2022 10:57,27,Female,Married,Salaried Worker,Private,Yes,1,4,2,1,4,3,2,2,3,2,low,1,1,1,1,0,0,0,0,0
5/12/2022 11:06,22,Female,Single,University Student,University,Yes,5,5,4,4,3,4,5,2,4,4,high,1,0,0,0,0,0,0,0,0
5/12/2022 11:06,21,Female,Single,University Student,University,Yes,5,4,4,3,4,4,5,4,3,5,high,1,1,1,1,1,0,0,1,0
5/12/2022 13:15,21,Female,Single,University Student,University,Yes,2,2,1,4,2,2,1,3,3,3,medium,1,1,1,1,0,0,0,0,0
5/12/2022 13:23,24,Female,Single,University Student,,Yes,4,3,4,1,4,4,5,3,3,5,high,1,1,1,0,1,0,0,0,0
5/12/2022 17:12,19,Male,Single,University Student,University,Yes,3,4,2,3,2,4,4,2,2,3,medium,1,0,1,0,0,0,0,0,0
5/12/2022 18:11,52,Male,Married,Salaried Worker,Private,Yes,1,2,2,3,2,3,3,3,2,2,low,1,1,1,0,0,0,1,1,1
5/12/2022 18:16,26,Male,Single,University Student,University,Yes,5,5,4,3,2,4,3,3,3,4,high,1,0,0,0,0,0,0,0,0
5/12/2022 18:33,44,Male,Married,Salaried Worker,Private,Yes,0,1,1,1,1,1,1,1,1,1,low,1,0,0,0,0,0,0,0,0
5/12/2022 18:36,44,Male,Married,Salaried Worker,Private,Yes,0,1,1,1,1,1,1,1,1,1,low,1,0,1,0,0,1,0,1,0
5/12/2022 18:58,19,Female,Single,University Student,University,Yes,3,4,5,2,1,5,5,5,5,4,high,1,0,0,1,0,0,1,0,0
5/12/2022 19:12,35,Male,Single,Salaried Worker,Private,Yes,3,5,5,5,1,5,5,5,1,5,high,1,1,0,1,0,0,0,0,0
5/12/2022 19:12,21,Female,In a relationship,University Student,University,Yes,5,3,5,2,4,3,4,4,2,4,high,1,1,0,0,0,0,0,0,1
5/12/2022 19:12,20,Female,Single,University Student,University,Yes,4,4,5,5,1,5,4,2,2,5,high,1,1,1,0,1,0,1,0,0
5/12/2022 19:15,24,Female,In a relationship,University Student,Private,Yes,5,5,2,4,4,5,4,3,2,2,low,1,1,1,0,0,0,1,1,0
5/12/2022 19:23,21,Female,Single,University Student,"School, University",Yes,3,4,4,3,1,5,3,5,1,4,high,1,1,1,0,0,1,1,0,0
5/12/2022 19:40,24,Male,Single,University Student,University,Yes,5,3,4,4,1,3,3,2,3,3,medium,1,1,1,1,0,0,0,0,0
5/12/2022 19:41,21,Female,In a relationship,University Student,University,Yes,3,5,3,3,1,5,5,5,3,5,high,1,1,1,0,0,1,0,0,0
5/12/2022 19:47,17,Male,Single,School Student,School,Yes,5,2,4,3,1,5,5,3,2,5,high,1,0,0,0,0,0,0,0,0
5/12/2022 19:51,26,Female,In a relationship,University Student,University,Yes,4,4,4,2,2,3,4,3,3,4,high,1,1,1,1,1,1,0,0,1
5/12/2022 20:08,18,Male,Single,School Student,School,Yes,3,4,5,4,3,5,5,4,3,4,high,1,1,1,0,0,1,0,0,0
5/12/2022 20:13,18,Female,Single,School Student,"School, N/A",Yes,3,2,1,1,1,3,2,1,3,2,low,1,1,1,1,0,0,1,1,1
5/12/2022 20:17,18,Female,In a relationship,School Student,School,Yes,3,5,3,4,1,4,3,1,3,4,high,1,1,1,1,0,1,0,0,0
5/12/2022 21:00,23,Male,Single,University Student,University,Yes,3,3,4,2,2,5,4,2,3,4,high,1,1,1,1,0,1,0,0,0
5/12/2022 21:06,20,Male,Single,University Student,University,Yes,1,4,5,3,3,2,3,1,2,4,high,1,1,1,1,0,1,0,0,0
5/12/2022 21:10,23,Male,Single,University Student,University,Yes,5,4,4,3,2,5,3,4,3,4,high,1,1,1,0,1,1,1,1,0
5/12/2022 21:13,25,Male,In a relationship,University Student,University,Yes,0,2,2,3,3,3,2,3,4,2,low,1,1,1,0,0,0,1,0,0
5/12/2022 21:25,26,Male,Single,Salaried Worker,Private,Yes,2,4,3,3,4,5,5,4,1,4,high,1,1,1,1,1,1,0,0,1
5/12/2022 21:31,20,Male,In a relationship,University Student,"School, University",Yes,5,4,5,3,4,5,4,5,2,4,high,1,1,1,1,0,1,1,1,0
5/12/2022 21:33,19,Male,In a relationship,School Student,School,Yes,1,4,3,1,3,4,1,2,3,3,medium,1,1,1,0,0,0,0,1,0
5/12/2022 21:45,17,Female,Single,School Student,,Yes,2,4,1,3,1,5,4,5,5,3,medium,1,1,1,1,0,0,0,0,0
5/12/2022 21:53,24,Female,Married,University Student,University,Yes,3,4,3,5,3,3,3,4,2,4,high,1,1,1,0,0,0,0,1,0
5/12/2022 23:01,29,Female,Married,Salaried Worker,Company,Yes,5,5,5,5,4,5,4,3,3,4,high,1,1,1,0,0,0,0,0,0
5/12/2022 23:13,30,Female,Married,Retired,,Yes,3,1,5,1,3,3,3,2,4,3,medium,1,1,1,1,1,1,0,0,1
5/12/2022 23:56,21,Female,Single,University Student,University,Yes,3,4,5,4,3,5,5,5,1,4,high,1,1,1,1,0,1,1,1,0
5/13/2022 0:15,23,Male,Single,University Student,University,Yes,5,4,3,2,3,4,5,3,3,4,high,1,1,1,1,0,1,1,1,0
5/13/2022 0:21,21,Male,Single,University Student,University,Yes,5,5,5,2,4,4,5,4,4,3,medium,1,1,1,0,0,1,0,0,0
5/13/2022 0:27,20,Female,Single,University Student,University,Yes,5,3,5,3,5,5,5,5,5,5,high,1,1,1,1,1,1,1,0,0
5/13/2022 1:06,21,Male,Single,University Student,University,Yes,4,4,3,2,3,5,5,5,1,5,high,0,0,1,0,0,0,0,0,0
5/13/2022 1:16,22,Female,Single,University Student,University,Yes,4,3,1,2,1,4,4,2,1,3,medium,1,1,0,0,0,0,0,0,0
5/13/2022 1:20,22,Female,Single,University Student,University,Yes,2,3,2,2,5,5,3,5,2,3,medium,1,1,0,1,0,0,0,0,0
5/13/2022 1:25,22,Female,In a relationship,University Student,University,Yes,5,1,5,2,2,5,3,1,2,3,medium,1,1,1,0,0,0,1,0,1
5/13/2022 1:27,27,Female,In a relationship,Salaried Worker,Private,Yes,4,4,3,3,4,3,2,4,2,3,medium,1,1,1,0,0,0,0,0,0
5/13/2022 1:30,21,Male,Single,University Student,University,Yes,5,5,4,2,1,2,2,2,3,2,low,1,1,1,1,0,1,1,0,1
5/13/2022 1:46,23,Male,In a relationship,University Student,University,Yes,4,4,3,2,4,4,4,4,4,3,medium,1,1,1,0,0,1,0,0,0
5/13/2022 1:50,22,Male,In a relationship,University Student,University,Yes,3,4,4,5,4,2,2,3,3,4,high,0,0,1,0,0,0,0,0,0
5/13/2022 3:51,21,Female,In a relationship,University Student,"University, Private",Yes,3,3,4,4,3,3,1,2,5,3,medium,1,0,1,0,0,1,1,0,0
5/13/2022 4:00,23,Male,Single,University Student,"University, Company",Yes,2,4,2,1,1,3,3,3,3,2,low,1,1,1,0,1,0,0,1,0
5/13/2022 10:05,21,Female,Single,University Student,University,Yes,5,4,5,3,4,4,4,3,3,4,high,1,1,1,0,0,0,0,0,0
5/13/2022 11:00,20,Male,Single,University Student,"University, Private",Yes,4,5,3,2,3,4,3,2,4,3,medium,1,1,1,0,0,1,1,1,0
5/13/2022 11:12,23,Male,Single,University Student,University,Yes,1,2,1,1,1,5,3,3,4,2,low,1,1,1,1,0,0,0,1,1
5/13/2022 13:43,22,Female,In a relationship,University Student,University,Yes,3,3,5,3,3,5,5,5,3,5,high,1,1,1,1,0,0,0,0,0
5/13/2022 14:28,20,Female,In a relationship,University Student,University,Yes,5,5,3,4,4,5,5,5,1,4,high,1,1,1,1,0,1,0,0,0
5/13/2022 16:26,21,Male,Single,University Student,University,Yes,3,4,4,4,4,4,4,4,1,4,high,1,1,1,0,1,0,0,1,0
5/13/2022 16:32,25,Female,Single,University Student,University,Yes,2,3,5,2,1,3,2,1,3,3,medium,1,1,0,0,0,1,0,0,0
5/13/2022 17:13,21,Female,Single,University Student,University,Yes,3,2,2,1,1,4,2,2,1,3,medium,1,1,1,0,0,1,1,0,0
5/13/2022 17:32,28,Female,Single,University Student,University,Yes,4,4,3,1,1,5,4,1,3,3,medium,1,1,1,1,0,1,1,1,1
5/13/2022 19:02,22,Female,Single,Salaried Worker,Private,Yes,3,1,1,1,1,3,3,1,1,5,high,1,0,1,0,0,0,0,0,0
5/13/2022 19:48,60,Male,Single,Retired,,Yes,2,1,2,1,3,1,1,3,3,1,low,1,0,1,0,0,0,0,1,0
5/13/2022 20:50,49,Male,Married,Salaried Worker,School,Yes,0,3,4,3,3,4,3,3,3,3,medium,1,1,1,0,0,0,0,0,0
5/13/2022 21:40,34,Female,Married,Salaried Worker,Private,Yes,0,2,1,1,1,1,1,3,4,1,low,1,0,1,0,1,0,0,1,0
5/13/2022 22:43,56,Male,Married,Salaried Worker,Company,Yes,2,1,1,1,1,1,1,1,1,1,low,1,1,1,0,1,0,0,0,0
5/13/2022 23:36,51,Male,Married,Salaried Worker,Private,Yes,1,3,2,3,3,2,2,4,3,3,medium,1,0,0,0,0,0,0,0,0
5/14/2022 0:01,23,Female,Single,School Student,University,Yes,2,3,3,3,3,3,4,2,3,2,low,1,0,1,0,0,1,0,0,0
5/14/2022 2:16,21,Female,Single,University Student,University,Yes,4,3,5,3,1,3,2,3,3,2,low,1,1,0,0,0,0,0,0,0
5/14/2022 7:11,50,Male,Married,University Student,Private,Yes,1,1,1,1,1,1,1,1,1,1,low,0,1,1,0,1,0,0,0,0
5/14/2022 7:23,22,Female,Single,University Student,University,Yes,3,2,2,1,1,5,3,1,4,5,high,1,1,1,0,0,0,0,1,0
5/14/2022 11:26,28,Female,Married,Salaried Worker,Private,Yes,2,5,4,1,2,4,5,2,2,5,high,0,1,1,0,0,1,0,0,0
5/14/2022 11:44,13,Male,Single,School Student,School,Yes,4,3,4,1,1,3,3,1,3,2,low,0,1,0,0,0,1,0,0,0
5/14/2022 11:46,14,Male,Single,School Student,School,Yes,2,3,4,2,1,3,2,1,3,3,medium,0,1,1,0,1,1,0,1,0
5/14/2022 12:12,13,Male,Single,School Student,School,Yes,5,4,4,3,2,2,2,2,3,4,high,1,1,1,0,0,1,0,0,0
5/14/2022 13:40,23,Male,In a relationship,School Student,"University, Private",Yes,4,2,4,2,1,4,3,1,3,3,medium,0,0,0,0,0,1,1,0,0
5/14/2022 16:16,18,Male,Single,University Student,University,Yes,1,3,3,1,1,2,1,1,2,2,low,0,0,0,0,0,0,0,1,0
5/14/2022 17:33,18,Male,Single,School Student,"School, N/A",Yes,5,2,3,1,2,5,5,5,1,3,medium,0,1,1,0,0,1,1,0,0
5/14/2022 17:33,15,Male,Single,School Student,School,Yes,4,1,1,1,3,3,1,3,3,2,low,0,1,1,1,0,1,1,1,1
5/15/2022 2:48,20,Female,Single,University Student,Company,Yes,1,2,2,1,2,5,5,5,1,3,medium,1,1,1,0,0,0,0,0,0
5/16/2022 20:20,20,Female,Single,University Student,University,Yes,5,5,4,2,2,5,4,1,3,3,medium,1,1,1,0,0,0,0,0,0
5/17/2022 17:12,35,Female,Married,Salaried Worker,Company,Yes,1,3,2,2,2,3,2,1,2,3,medium,1,0,1,0,0,0,0,0,1
5/18/2022 2:12,26,Female,Married,University Student,,Yes,2,4,4,3,3,4,4,4,5,3,medium,1,1,1,0,0,0,0,0,0
5/21/2022 22:19,30,Female,Married,Salaried Worker,University,Yes,4,2,4,4,2,4,4,4,2,3,medium,1,1,0,0,0,0,0,0,0
5/21/2022 22:33,32,Female,Married,Salaried Worker,Private,Yes,3,5,5,3,4,5,5,5,1,5,high,1,1,1,0,0,0,0,0,0
5/21/2022 23:38,24,Male,Single,Salaried Worker,"University, Private",Yes,2,3,4,3,4,3,3,4,2,4,high,1,0,1,0,0,0,0,0,0
5/22/2022 0:01,26,Female,Married,Salaried Worker,University,Yes,1,2,1,2,4,4,4,4,2,4,high,1,0,1,0,0,0,0,0,0
5/22/2022 10:29,29,Female,Married,Salaried Worker,University,Yes,2,3,3,4,4,2,2,3,3,3,medium,1,1,1,0,1,1,0,1,0
7/14/2022 19:33,21,Male,Single,University Student,University,Yes,2,2,3,2,4,3,4,2,3,3,medium,1,0,1,0,0,0,0,0,0
11/12/2022 13:16,53,Male,Married,Salaried Worker,Private,Yes,0,2,3,1,2,1,2,3,3,2,low,1,1,0,1,0,1,0,1,1
